{
    "Ca3637": [
        0.0002755, 
        9e-07
    ], 
    "Ca3837": [
        8.7e-05, 
        5e-06
    ], 
    "Ca3937": [
        0.0007115, 
        2e-05
    ], 
    "Ca_K": [
        1.96, 
        0.0002653
    ], 
    "Cl3638": [
        250.0, 
        0.01
    ], 
    "Cl_K": [
        0.227, 
        0.0
    ], 
    "K3739": [
        0.00014, 
        7e-06
    ], 
    "K3839": [
        0.012, 
        2e-05
    ], 
    "K4039": [
        0.0088, 
        0.0004
    ]
}