{
    "Ca3637": [
        0.000266, 
        3e-07
    ], 
    "Ca3837": [
        8.7e-05, 
        5e-06
    ], 
    "Ca3937": [
        0.0006756, 
        1.3e-06
    ], 
    "Ca_K": [
        1.96, 
        0.0
    ], 
    "Cl3638": [
        250.0, 
        0.0
    ], 
    "Cl_K": [
        0.227, 
        0.0
    ], 
    "K3739": [
        0.00015, 
        1e-05
    ], 
    "K3839": [
        0.01261, 
        2e-05
    ], 
    "K4039": [
        0.00812, 
        0.0001
    ]
}