{
    "Ca3637": [
        0.0002818,
        5e-07
    ],
    "Ca3837": [
        4e-05,
        2e-06
    ],
    "Ca3937": [
        0.000709,
        6e-06
    ],
    "Ca_K": [
        1.96,
        0.0
    ],
    "Cl3638": [
        250.0,
        0.0
    ],
    "Cl_K": [
        0.227,
        0.0
    ],
    "K3739": [
        0.00016,
        3e-05
    ],
    "K3839": [
        0.01139,
        3e-05
    ],
    "K4039": [
        0.006385,
        0.0003
    ]
}