{
    "Ca3637": [
        0.000275,
        2e-06
    ],
    "Ca3837": [
        0.000105,
        5e-06
    ],
    "Ca3937": [
        0.000667,
        5e-06
    ],
    "Ca_K": [
        1.96,
        0.0
    ],
    "Cl3638": [
        263.0,
        0.0
    ],
    "Cl_K": [
        1.376,
        0.0
    ],
    "K3739": [
        0.00017,
        3e-05
    ],
    "K3839": [
        0.0124,
        5e-05
    ],
    "K4039": [
        0.007,
        0.001
    ]
}