{
    "Ca3637": [
        0.000275,
        4e-06
    ],
    "Ca3837": [
        0.00016,
        2e-06
    ],
    "Ca3937": [
        0.00067,
        4.3e-05
    ],
    "Ca_K": [
        1.96,
        0.02
    ],
    "Cl3638": [
        263.0,
        0.0
    ],
    "Cl_K": [
        1.376,
        0.01
    ],
    "K3739": [
        0.000155,
        1.5e-05
    ],
    "K3839": [
        0.01208,
        2e-05
    ],
    "K4039": [
        0.007,
        0.001
    ]
}