{
    "Ca3637": [
        0.0, 
        0.0
    ], 
    "Ca3837": [
        0.0, 
        0.0
    ], 
    "Ca3937": [
        0.0, 
        0.0
    ], 
    "Ca_K": [
        1.96, 
        0.0
    ], 
    "Cl3638": [
        250.0, 
        0.0
    ], 
    "Cl_K": [
        0.227, 
        0.0
    ], 
    "K3739": [
        0.0, 
        0.0
    ], 
    "K3839": [
        0.010769999586, 
        0.0
    ], 
    "K4039": [
        0.00824499968439, 
        0.0
    ]
}