{
    "Ca3637": [
        0.0002772,
        9.6e-07
    ],
    "Ca3837": [
        4e-05,
        2e-05
    ],
    "Ca3937": [
        0.0007593,
        7.9e-06
    ],
    "Ca_K": [
        1.96,
        0.0
    ],
    "Cl3638": [
        250.0,
        0.0
    ],
    "Cl_K": [
        0.227,
        0.0
    ],
    "K3739": [
        0.00014,
        7e-06
    ],
    "K3839": [
        0.01271,
        4e-05
    ],
    "K4039": [
        0.007204,
        0.00046
    ]
}