{
    "Ca3637": [
        0.0002757,
        1.5e-06
    ],
    "Ca3837": [
        1.96e-05,
        1.6e-06
    ],
    "Ca3937": [
        0.000695,
        1.8e-05
    ],
    "Ca_K": [
        1.96,
        0.0
    ],
    "Cl3638": [
        263.0,
        0.0
    ],
    "Cl_K": [
        0.227,
        0.0
    ],
    "K3739": [
        0.0,
        0.0
    ],
    "K3839": [
        0.0121,
        5e-05
    ],
    "K4039": [
        0.000129,
        8e-05
    ]
}