{
    "Ca3637": [
        0.0002702,
        1e-06
    ],
    "Ca3837": [
        3.33e-05,
        1.2e-06
    ],
    "Ca3937": [
        0.0006926,
        1.6e-05
    ],
    "Ca_K": [
        2.32,
        0.0
    ],
    "Cl3638": [
        263.0,
        0.0
    ],
    "Cl_K": [
        0.227,
        0.0
    ],
    "K3739": [
        0.00017,
        3e-05
    ],
    "K3839": [
        0.01208,
        2e-05
    ],
    "K4039": [
        0.000129,
        8e-05
    ]
}