{
    "Ca3637": [
        0.000272459990810603,
        4.99999998737621e-07
    ],
    "Ca3837": [
        0.00014000000373926,
        0.0
    ],
    "Ca3937": [
        0.000686299987137318,
        3.5999998999614e-06
    ],
    "Ca_K": [
        1.96,
        0.0
    ],
    "Cl3638": [
        250.0,
        0.0
    ],
    "Cl_K": [
        2.9,
        0.0
    ],
    "K3739": [
        0.0,
        0.0
    ],
    "K3839": [
        0.0107699995860457,
        0.0
    ],
    "K4039": [
        0.00824499968439341,
        5.99999984842725e-05
    ]
}