{
    "Ca3637": [
        0.0002724, 
        2e-07
    ], 
    "Ca3837": [
        0.00014, 
        0.0
    ], 
    "Ca3937": [
        0.00069, 
        2e-06
    ], 
    "Ca_K": [
        1.96, 
        0.0
    ], 
    "Cl3638": [
        250.0, 
        0.0
    ], 
    "Cl_K": [
        2.9, 
        0.0
    ], 
    "K3739": [
        0.0, 
        0.0
    ], 
    "K3839": [
        0.01077, 
        0.0
    ], 
    "K4039": [
        0.0072, 
        2e-05
    ]
}